RT,OT
4,0.06475
4.5,0.059875
5,0.079625
5.5,0.0565
6,0.0695
6.5,0.057625
7,0.050625
7.5,0.06675
